{"items":[
{"key":"Nothing","value":""},

	{"key":"Comment_Vfx_Test starts here","value":"COMMENT"},
{"key":"Vfx_Test_0","value":"0"},
{"key":"Vfx_Test_1","value":"1"},
{"key":"Vfx_Test_2","value":"2"},
{"key":"Vfx_Test_3","value":"3"},
{"key":"Vfx_Test_4","value":"4"},
{"key":"Vfx_Test_5","value":"5"},
{"key":"Vfx_Test_6","value":"6"},
{"key":"Vfx_Test_7","value":"7"},
{"key":"Vfx_Test_8","value":"8"},
{"key":"Vfx_Test_9","value":"9"},
{"key":"Vfx_Test_ElHit","value":"Elephant hit"},

	{"key":"Comment: Menu text starts here","value":"COMMENT"},
{"key":"Men_MainDesc","value":"Play Hide-and-Seek with CD! Can you beat all the levels without losing?"},
{"key":"Men_ContDesc","value":"<color=green>Continue your game of Hide-and-Seek with CD!</color>"},
{"key":"Men_FreeDesc","value":"CD won't bother you in this mode! Explore the Super Schoolhouse to your heart's content! You can explore any level you've reached in Hide-and-Seek."},
{"key":"Men_ChallengeDesc","value":"Try your hand at one of CD's crazy challenges! (NOTE: These are old, but remain here for legacy purposes. New challenge maps will be added near the end of development.)"},
{"key":"Men_EndlessDesc","value":"Collect as many notebooks as you can before CD touches I mean catch's you! CD speeds up over time, but CD cases slow her down!"},
{"key":"Men_FieldTripDesc","value":"Go on field trips, practice minigames, and try to set high scores!"},
{"key":"Men_PickMode","value":"Pick a mode!"},
{"key":"Men_PickChallenge","value":"Pick a challenge!"},
{"key":"Men_PickTrip","value":"Pick a field trip!"},
{"key":"Men_About","value":"Baldi's Basics Plus is currently in early access! There's still a lot of work to be done to the game, including:\nImproved menus, dynamic music, horror elements, edutainment elements, and more content (Like levels, challenges, characters, etc).\n<color=red> Expect bugs! If you encounter a bug, please report it with the link below."},
{"key":"Men_Warning","value":"<color=red>WARNING!</color>\nBaldi's Basics Plus is a mild <color=red>horror game</color> and this is not educational software.\n\nWhile horror elements are relatively light at this stage of the game's development, there are still a few jumpscares and other elements that might frighten some players.\n\nPRESS {0} TO CONTINUE"},

{"key":"Men_StoreConfirm","value":"Are you ready to leave?\n<color=red>The items left on the counter will be lost!</color>"},
{"key":"Men_StoreReady","value":"I'm ready!"},
{"key":"Men_StoreNotReady","value":"Not yet!"},

{"key":"Men_EndlessRandom","value":"Play in a randomly generated level! You can enter a custom seed or have one randomly selected. You can also click on a high score to get the seed it used!"},
{"key":"Men_EndlessMedium","value":"A medium sized pre-made map."},

{"key":"Men_StealthyChallenge","value":"You've snuck in school after hours! Surely Principal of the Things will be after you. Use <color=red>dirty chalk erasers</color>, <color=red>lockers</color>, and your <color=red>map</color> to avoid being seen and collect 7 notebooks."},
{"key":"Men_SpeedyChallenge","value":"It's just you and Baldi in this challenge. The catch is, both of you move super fast! Can you think fast enough to collect 25 notebooks and escape the school?"},
{"key":"Men_GrappleChallenge","value":"Your legs might be broken, but thankfully you're equipped with an infinite use <color=red>grappling hook</color>! See if you can outwit Baldi and his friends when this is your only way to move!"},

{"key":"Men_CampTrip","value":"Enjoy the great outdoors on a camping trip with Baldi and friends! Help Baldi keep a fire fueled in Campfire Frenzy, or grab a bite to eat in Pick-Quick-Nic."},
{"key":"Men_FarmTrip","value":"The farm burned down! Don't worry though, reparations are in progess."},
{"key":"Men_TripWillReturn","value":"The farm field trip will return shortly! Baldi apologizes for the delay."},

{"key":"Men_NewScoreTrip","value":"Now THAT'S a new high score!!!"},
{"key":"Men_NewScoreRank","value":"Rank: "},
{"key":"Men_NewScoreTripFinal","value":"Final score: \n"},

{"key":"Men_PlaceMarker","value":"PLACING MARKER"},
{"key":"Men_MarkersFull","value":"MARKER LIMIT REACHED"},

{"key":"Men_GeneralSettings","value":"General\nSettings"},
{"key":"Men_AudioSettings","value":"Audio\nSettings"},
{"key":"Men_GraphicsSettings","value":"Graphics\nSettings"},
{"key":"Men_ControlMapper","value":"Control\nMapper"},

{"key":"Men_MouseSensitivity","value":"Mouse Sensitivity"},

{"key":"Men_Pause","value":"Paused?!"},
{"key":"Men_QuitConfirm","value":"Are you sure you want to quit?"},
{"key":"Men_PauseSeed","value":"Seed:"},

{"key":"But_Seed","value":"Seed: "},
{"key":"But_SeedRandom","value":"Random"},

{"key":"But_Back","value":"Back"},
{"key":"But_Start","value":"Start!"},
{"key":"But_Play!","value":"Play!"},
{"key":"But_Continue","value":"Continue"},
{"key":"But_Skip","value":"Skip"},
{"key":"But_Quit","value":"Quit"},
{"key":"But_QuitYes","value":"YES"},
{"key":"But_QuitNo","value":"NO"},
{"key":"But_Resume","value":"Resume"},
{"key":"But_Options","value":"Options"},
{"key":"But_MainMode","value":"Hide-and-Seek"},
{"key":"But_FreeMode","value":"Explorer Mode"},
{"key":"But_EndlessMode","value":"Endless mode"},
{"key":"But_ChallengeMode","value":"Challenges"},
{"key":"But_FieldTrip","value":"Field Trips"},
{"key":"But_Website","value":"Website"},
{"key":"But_Updates","value":"Updates"},
{"key":"But_Bugs","value":"Report Bugs"},
{"key":"But_NewFile","value":"New File"},
{"key":"But_EndlessMedium","value":"Medium"},
{"key":"But_EndlessRandom","value":"Random"},
{"key":"But_Scores","value":"Scores"},

{"key":"Notebooks","value":"{0} Notebooks"},

{"key":"Mode_HideSeek","value":"Hide & Seek"},
{"key":"Mode_Endless","value":"Endless"},
{"key":"Mode_FieldTrip","value":"Field Trips"},
{"key":"Mode_Challenge","value":"Challenge"},
{"key":"Mode_Pitstop","value":"Pitstop"},

{"key":"Level_Main1","value":"Level 1"},
{"key":"Level_Main2","value":"Level 2"},
{"key":"Level_Main3","value":"Level 3"},
{"key":"Level_Main_Finished","value":"Ending"},
{"key":"Level_Endless_Medium","value":"Medium"},
{"key":"Level_Endless_Random","value":"Random"},
{"key":"Level_Challenge_Stealthy","value":"Stealthy"},
{"key":"Level_Challenge_Speedy","value":"Speedy"},
{"key":"Level_Challenge_Grapple","value":"Grapple"},
{"key":"Level_Trip_Camping","value":"Camping"},


{"key":"Steam_NewFile","value":"Enter a new file name. You can enter up to eight letters."},
{"key":"Steam_DupeFile","value":"That file name already exists! Enter a new name."},
{"key":"Steam_SeedInput","value":"Enter a seed. Value can range from -2147483615 to 2147483615."},
{"key":"Steam_SeedBad","value":"That seed isn't valid! Please enter a value ranging from -2147483615 to 2147483615."},
{"key":"Steam_Highlight_Win","value":"Win!"},
{"key":"Steam_Highlight_Win_Desc","value":"Beat level {0}!"},
{"key":"Steam_Highlight_Lose","value":"Lose..."},
{"key":"Steam_Highlight_Lose_Desc","value":"Lost {0} - {1}."},
{"key":"Steam_Highlight_HighScore","value":"Endless high score!"},
{"key":"Steam_Highlight_HighScore_Desc","value":"Got high score #{0} with {1} notebooks in the Endless {2} map!"},
{"key":"Steam_Highlight_MinigameHighScore","value":"{0} high score!"},
{"key":"Steam_Highlight_MinigameHighScore_Desc","value":"Got high score #{0} with {1} points in {2}!"},

{"key":"But_End_Random","value":"Random"},
{"key":"But_End_Medium","value":"Medium"},

{"key":"But_Chal_Speedy","value":"Speedy"},
{"key":"But_Chal_Stealthy","value":"Stealthy"},
{"key":"But_Chal_Grapple","value":"Grapple"},

{"key":"But_Trip_Camp","value":"Camping"},
{"key":"But_Trip_Farm","value":"Farm"},

	{"key":"Comment_Option text starts here","value":"COMMENT"},
{"key":"Opt_General","value":"General\nSettings"},
{"key":"Opt_Audio","value":"Audio\nSettings"},
{"key":"Opt_Graphics","value":"Graphics\nSettings"},
{"key":"Opt_Controls","value":"beep bop"},
{"key":"Opt_Extras","value":"Extras"},
{"key":"Opt_Data","value":"Data"},
{"key":"Opt_MouseSensitivity","value":"Mouse go weeeeee if this to high"},
{"key":"Opt_ControllerSensitivity","value":"Controller Sensitivity"},
{"key":"Opt_Camera","value":"Camera"},
{"key":"Opt_Cursor","value":"ponity pontiy ponity"},
{"key":"Opt_Flashing","value":"I have epalepsy"},
{"key":"Opt_Subs","value":"Captions"},
{"key":"Opt_Volume","value":"Volume"},
{"key":"Opt_Effects","value":"Effects"},
{"key":"Opt_Voices","value":"Voices"},
{"key":"Opt_Music","value":"The Bad Music This mod has"},
{"key":"Opt_Resolution","value":"Resolution"},
{"key":"Opt_Full","value":"Full Screen"},
{"key":"Opt_Vsync","value":"laggy laggy fixxy fixxy"},
{"key":"Opt_Filter","value":"Pixel Filtering"},
{"key":"Opt_Apply","value":"Apply"},
{"key":"Opt_Authentic","value":"Authentic Mode"},
{"key":"Opt_Rumble","value":"Rumble"},
{"key":"Opt_ChangeName","value":"Change Name"},
{"key":"Opt_ResetEndlessScores","value":"Reset Endless Scores"},
{"key":"Opt_ResetTripScores","value":"Reset Field Trip Scores"},
{"key":"Opt_DeleteFile","value":"Delete File"},
{"key":"Opt_ConfirmNameChange","value":"Enter a new name and press CONFIRM when you're finished."},
{"key":"Opt_NameExists","value":"That name already exists!"},
{"key":"Opt_ConfirmDelete","value":"<color=red>Are you sure you want to delete this file? You will not be able to recover it!</color>"},
{"key":"Opt_Deleting","value":"<color=red>D E L E T I N G</color>"},
{"key":"Opt_ConfirmEndlessReset","value":"<color=red>Are you sure you want to reset Endless Mode high scores?</color>"},
{"key":"Opt_EndlessReset","value":"Endless Mode high scores have been reset."},
{"key":"Opt_ConfirmTripReset","value":"<color=red>Are you sure you want to reset Field Trip high scores?</color>"},
{"key":"Opt_TripReset","value":"Field Trip high scores have been reset."},
{"key":"Opt_Game","value":"Game\nSettings"},
{"key":"Opt_PlayStyle","value":"Play Style"},
{"key":"Opt_LifeMode_Normal","value":"Baby mode"},
{"key":"Opt_LifeMode_Arcade","value":"nice"},
{"key":"Opt_LifeMode_Intense","value":"Get Real"},
{"key":"Opt_Challenges","value":"Challenges"},
{"key":"Opt_TimeLimitChallenge","value":"1 Minute Limit"},
{"key":"Opt_MapChallenge","value":"No Map"},
{"key":"Opt_InventoryChallenge","value":"Shrinking Inventory"},

	{"key":"Comment_Tool tip text starts here","value":"COMMENT"},
{"key":"Tip_SensitivityCategory","value":"Toggles between mouse and control\nstick sensitivity settings."},
{"key":"Tip_CameraSensitivity","value":"Controls the speed\nof turning the camera."},
{"key":"Tip_CursorSensitivity","value":"Controls the speed\nthat the cursor moves."},
{"key":"Tip_Flashing","value":"Reduces the intensity of certain visual effects\nthat may be uncomfortable for some players."},
{"key":"Tip_Subtitles","value":"Enables directional captions for all\nvoice lines and important sound effects."},
{"key":"Tip_VolumeEffects","value":"Controls sound effect volume."},
{"key":"Tip_VolumeVoices","value":"Controls voice volume."},
{"key":"Tip_VolumeMusic","value":"Controls music volume."},
{"key":"Tip_Resolution","value":"Change the game's output resolution."},
{"key":"Tip_Full","value":"Toggle between full screen\nand windowed modes."},
{"key":"Tip_Vsync","value":"Vsync will try to make the game match your monitor's\nrefresh rate, which can prevent issues like screen tearing.\nIf you are having performance issues however, turning\nvsync off may allow for slightly better performance."},
{"key":"Tip_Filter","value":"Filters menu screens so that pixels appear square\nwith minimal blurring on non-integer scale\nscreen resolutions."},
{"key":"Tip_Apply","value":"Apply current graphics settings.\nUnapplied settings will not be saved."},
{"key":"Tip_Authentic","value":"Experince Baldi's Basics like\nit was really released in 1999!"},
{"key":"Tip_NoGame","value":"This setting cannot be\nchanged during gameplay."},
{"key":"Tip_Rumble","value":"When enabled, controllers\nwill rumble for certain gameplay events."},
{"key":"Tip_ChangeName","value":"Change this file's name."},
{"key":"Tip_DeleteEndlessScores","value":"<color=red>Reset all endless mode high\nscores to their defaults.</color>"},
{"key":"Tip_DeleteTripScores","value":"<color=red>Reset all field trip high\nscores to their defaults.</color>"},
{"key":"Tip_DeleteFile","value":"<color=red>This will permanently delete this file! Be absolutely\nsure you want to do this before proceeding.</color>"},
{"key":"Tip_PlayStyle","value":"Adjust the way power tubes work. Changes will not apply to a game still in progress.<br>Normal: You start each level with three power tubes.<br>Arcade: You start with three power tubes, but do not get any more each level.<br>Strict: You only get one power tube per-game. Lose once and that's game over!"},
{"key":"Tip_Challenges","value":"These settings change the game in ways to make it extra challenging!\nChanges to these settings only apply when starting a new game of Hide & Seek."},
{"key":"Tip_TimeLimitChallenge","value":"Sets the time limit on every level to one minute. Hurry up!"},
{"key":"Tip_MapChallenge","value":"Completely disables the map. Pay attention!"},
{"key":"Tip_InventoryChallenge","value":"When using an item, you will lose a slot for the rest of the level. Think carefully!"},

	{"key":"Comment_Hud text starts here","value":"COMMENT"},
{"key":"Hud_Notebooks","value":"Notebooks"},

	{"key":"Comment_Itm text starts here","value":"COMMENT"},
{"key":"Itm_Nothing","value":"Nothing"},
{"key":"Itm_ZestyBar","value":"Energy Flavored Zesty Bar"},
{"key":"Itm_Bsoda","value":"BSODA"},
{"key":"Itm_Boots","value":"Big Ol' Boots"},
{"key":"Itm_DetentionKey","value":"Principal's Keys"},
{"key":"Itm_GrapplingHook","value":"(5) Grappling Hook"},
{"key":"Itm_GrapplingHook4","value":"(4) Grappling Hook"},
{"key":"Itm_GrapplingHook3","value":"(3) Grappling Hook"},
{"key":"Itm_GrapplingHook2","value":"(2) Grappling Hook"},
{"key":"Itm_GrapplingHook1","value":"(1) Grappling Hook"},
{"key":"Itm_NoSquee","value":"WD-NoSquee"},
{"key":"Itm_Quarter","value":"Quarter"},
{"key":"Itm_DoorLock","value":"Swinging Door Lock"},
{"key":"Itm_Tape","value":"Baldi's Least Favorite Tape"},
{"key":"Itm_Apple","value":"An Apple for Baldi"},
{"key":"Itm_AlarmClock","value":"Alarm Clock"},
{"key":"Itm_ChalkEraser","value":"Dirty Chalk Eraser"},
{"key":"Itm_Nametag","value":"Faculty Nametag"},
{"key":"Itm_PrincipalWhistle","value":"Principal Whistle"},
{"key":"Itm_Scissors","value":"Safety Scissors"},
{"key":"Itm_Teleporter","value":"Dangerous Teleporter"},
{"key":"Itm_PortalPoster","value":"Portal Poster"},
{"key":"Itm_NanaPeel","value":"'Nana Peel"},
{"key":"Itm_DietBsoda","value":"Diet BSODA"},
{"key":"Itm_BusPass","value":"Bus Pass"},

	{"key":"Comment_Item description text starts here","value":"COMMENT"},
{"key":"Desc_Nothing","value":"What the?! This shouldn't be possible!"},
{"key":"Desc_ZestyBar","value":"Energy Flavored Zesty Bar\nEat one of these and get a boost of energy!\nFills up your stamina more than you can just by taking a rest!"},
{"key":"Desc_Bsoda","value":"BSODA\nOpen a can of fizzed up BSODA and spray away anyone\nwho's trying to get in your way! Ingredients: Blue, high fructose corn syrup,\nelectricity, and 2% or less of: Water, blue 2."},
{"key":"Desc_Boots","value":"Big Ol' Boots\nThese big ol' boots will help you keep your feet on the ground!\nPrevents you from getting pushed by characters and obstacles\nfound around the school."},
{"key":"Desc_DetentionKey","value":"Principal's Keys\nBreak all the rules you want with the Principal's Keys! Use them to open any locked\ndoor, even ones that haven't been locked by Principal of the Thing!"},
{"key":"Desc_GrapplingHook","value":"Grappling Hook\nFire this baby at a far away wall to quickly get pulled towards it.\nCan get you out of sticky situations quick."},
{"key":"Desc_NoSquee","value":"WD-NoSquee\nTired of noises giving your location away? WD-NoSquee can solve your problems!\nSpray it anywhere to make everything around you squeakless clean."},
{"key":"Desc_Quarter","value":"Quarter\nA shiny quarter!\nUseful for anything that requires a shiny quarter!"},
{"key":"Desc_DoorLock","value":"Swinging Door Lock\nPlace this on any swinging door to lock it for a few seconds,\npreventing anyone from coming through. Keep in mind that\npeople can still see through locked swinging doors!"},
{"key":"Desc_Tape","value":"Baldi's Least Favorite Tape\nThis tape was carefully designed by a student to effectively\ndeafen everyone as long as it plays. If you can hear the tone,\nyou can make all the noise you want, worry free!"},
{"key":"Desc_Apple","value":"An Apple for Baldi\nGive this to Baldi and he won't be able to resist\ntaking a quick break to scarf it down!"},
{"key":"Desc_AlarmClock","value":"Alarm Clock\nSet this clock up and when it goes off, Baldi will want to check it out!\nUnless he sees you of course, he's not *that* stupid."},
{"key":"Desc_ChalkEraser","value":"Dirty Chalk Eraser\nCreate a cloud of chalk dust and block off the sight\nof Baldi and his freinds. Stand inside to hide, or use it to\nsneak past characters without them seeing you."},
{"key":"Desc_Nametag","value":"Faculty Nametag\nExperience what's it's like to work in Baldi's Super Schoolhouse!\nWhen you have this on, no one will bother you!\nWell, except for Baldi, he knows a fake nametag when he sees one."},
{"key":"Desc_PrincipalWhistle","value":"Principal Whistle\nNeed instant justice? Blow this whistle and\nPrincipal of the Thing will come to your aid as quickly as he can!"},
{"key":"Desc_Scissors","value":"Safety Scissors\nSlice through anything* with these high-end safety Scissors!\n*Actually, these are the dullest scissors ever made and can only\ncut through jumpropes, bubble gum, and cheap wires."},
{"key":"Desc_Teleporter","value":"Dangerous Teleporter\nUse this and there's no telling where you'll end up!\nIt could take you to safety or certain doom! Now that's what I call fun!"},
{"key":"Desc_PortalPoster","value":"Portal Poster\nIf there's a room on the other side, place this on the wall to get through.\nA super technology invented by Baldi himself!"},
{"key":"Desc_MapFill","value":"Fill your map!\nBuy this and your map will be completed instantly!\nWith this you can plan a route before even stepping foot in a level!"},
{"key":"Desc_Suspend","value":"This isn't available yet!\nI wonder what it could be for..."},
{"key":"Desc_NanaPeel","value":"'Nana Peel\nDrop this on the floor and anyone who walks over it will\nslip around until they crash into a wall!\nBe careful, you can slip on it too!"},
{"key":"Desc_DietBsoda","value":"Diet BSODA\nTo help keep students healthy, the drink of choice here is\nDiet BSODA! Made with 90% less fizz, Diet BSODA still has the\ntaste you love and might just be healthier too!"},
{"key":"Desc_BusPass","value":"Bus Pass\nYou'll need one of these with you if you want to go on a field trip!"},

	{"key":"Comment_Misc GUI text starts here.","value":"COMMENT"},
{"key":"YCTP_Victory1","value":"WOW! YOU EXIST!"},
{"key":"YCTP_Fail1","value":"I HEAR EVERY DOOR YOU OPEN"},
{"key":"YCTP_Fail2","value":"I GET ANGRIER FOR EVERY PROBLEM YOU GET WRONG"},
{"key":"YCTP_Recover1","value":"That's more like it..."},
{"key":"YCTP_Recover2","value":"I can't remember what this one is supposed to say..."},

	{"key":"Comment_Posters start here.","value":"COMMENT"},
{"key":"PST_HNT_Rules1","value":"School Rules!"},
{"key":"PST_HNT_Rules2","value":"When you follow the\nschool rules:\n1. No running\n2. No entering faculty\nonly rooms\n3. No bullying\n4. No drinking\n5. No escaping\ndetention\n6. No fourth wall breaks"},

{"key":"PST_PRI_Baldi1","value":"Compact Disk"},
{"key":"PST_PRI_Baldi2","value":"Great teacher due to her incredible hearing abilities! She can not only tell where any sound came from, but who made it too!"},
{"key":"PST_PRI_Sweep1","value":"Gotta Sweep"},
{"key":"PST_PRI_Sweep2","value":"What do you do when the school opens in 7 hours and you haven't hired a janitor? Hire a broom! It sweeps <b>everything!</b>"},
{"key":"PST_PRI_Beans1","value":"Beans"},
{"key":"PST_PRI_Beans2","value":"Tries to impress others by blowing bubble gum bubbles, but usually just ends up spitting them out."},
{"key":"PST_PRI_Bully1","value":"It's a Bully"},
{"key":"PST_PRI_Bully2","value":"Here at here school, we believe every good school needs a good bully! That's why we have this kid!"},
{"key":"PST_PRI_Chalk1","value":"Chalkles"},
{"key":"PST_PRI_Chalk2","value":"Some kid drew this face and next thing you know it's floating around, laughing and making mischief."},
{"key":"PST_PRI_Crafters1","value":"Arts and Crafters"},
{"key":"PST_PRI_Crafters2","value":"Shy, and tries to be avoided. Doesn't like being looked at, and gets jealous at people with more notebooks than him."},
{"key":"PST_PRI_Cloud1","value":"Cloudy Copter"},
{"key":"PST_PRI_Cloud2","value":"A cloud who loves being a cloud doing cloudy things. Floats around and blows strong winds down halls."},
{"key":"PST_PRI_Playtime1","value":"Playtime"},
{"key":"PST_PRI_Playtime2","value":"Despite her poor eyesight and short memory, she's always looking for a playmate!\n\n\"Let's play!\""},
{"key":"PST_PRI_Pomp1","value":"Mrs. Pomp"},
{"key":"PST_PRI_Pomp2","value":"Hops around in her high-heeled shoe inviting students to her class. Make sure you're not late! Or else!"},
{"key":"PST_PRI_Principal1","value":"Principal of the Thing"},
{"key":"PST_PRI_Principal2","value":"\"If I see anyone breaking the school rules, I'll make sure justice is served! It tastes good and fills my tummy!\""},
{"key":"PST_PRI_Prize1","value":"1st Prize"},
{"key":"PST_PRI_Prize2","value":"Won 1st Prize at the Science Fair! Loves hugging people, rushing towards anyone it sees. Sadly, it turns super slowly."},
{"key":"PST_PRI_Test1","value":"The Test"},
{"key":"PST_PRI_Test2","value":"If you want to keep an eye on anyone, look no further than this fella! Don't forget where you last spotted him!"},
{"key":"PST_PRI_Reflex1","value":"Dr. Reflex"},
{"key":"PST_PRI_Reflex2","value":"A cheap doctor who employs a unique reflex testing method to diagnose students. Don't leave until the test is finished!"},

{"key":"PST_HNT_Boots","value":"Janitors must wear boots when sweeping!"},
{"key":"PST_HNT_NoSquee","value":"WD-NoSquee! When your doors are too loud and you need 'em to be  QUIET!"},
{"key":"PST_HNT_PartyEnd","value":"Count the balloons! How many of each color can you find? Go, do it!"},
{"key":"PST_HNT_Phone","value":"Students:\nPlease refrain from using the phone while Professor Baldi is in the building.\n\nIt causes him to forget what he was doing and prevents him from hearing."},
{"key":"PST_HNT_Scissors","value":"Hey kids!\nSafety scissors are great for cutting:\nPaper\nJumpropes\nRobots\nHomework"},
{"key":"PST_HNT_Windows","value":"<b>ATTENTION!</b>\nDue to unkown reasons that have absolutely nothing to do with game design, school faculty cannot currently see through windows.\n\nPlease understand. Hi."},
{"key":"PST_HNT_YTPs","value":"Be\nREWARDED\nfor\nTHINKING"},
{"key":"PST_HNT_Read","value":"Please\nread the posters. They are here to help you."},
{"key":"PST_HNT_SaveQuit","value":"Save & Quit this way dummy! (Hide & Seek only)"},

{"key":"PST_TXT_Inspiration","value":"<color=green>WHEN</color> <color=red>YOU</color> <color=blue>HAVE</color> <color=green>THE</color> <color=red>WILL,</color> <color=green>DON'T</color> <color=blue>SAY</color> <color=red>\"NEVER\"!</color> <color=blue>JUST</color> <color=red>LEAVE</color> <color=green>THOSE</color> <color=blue>THOUGHTS!</color>"},
{"key":"PST_TXT_ClassicSecret1","value":"You won!"},
{"key":"PST_TXT_ClassicSecret2","value":"There's room for improvement though..."},
{"key":"PST_TXT_ClassicSecret3","value":"Go see Baldi in his office for some tips!"},
{"key":"PST_TXT_Recycle","value":"Please remember to <b>RECYCLE YOUR FOOD</b>"},

{"key":"PST_CLS_BaldiSays1","value":"It's\n<b>FUN</b>\nto have\n<b>FUN!</b>"},
{"key":"PST_CLS_BaldiSays2","value":"Get ready\nto learn!!!"},
{"key":"PST_CLS_BaldiSays3","value":"Isn't this\nschoolhouse\nsuper?"},
{"key":"PST_CLS_BaldiSays4","value":"You're my\nbest Disk!"},
{"key":"PST_CLS_BaldiSays5","value":"Understand and learn with me!"},
{"key":"PST_CLS_BaldiSays6","value":"Is it lunch\ntime yet? I'm hungry!"},
{"key":"PST_CLS_BaldiSays7","value":"Education"},
{"key":"PST_CLS_BaldiSays8","value":"Are you confused? You'll figure it out!"},
{"key":"PST_CLS_BaldiSays9","value":"Don't play so long you starve!"},
{"key":"PST_CLS_Numbers","value":"Numbers are SO EASY"},
{"key":"PST_CLS_BaldiBuried","value":"Collect them all!"},

{"key":"PST_CHK_Apple","value":"An apple a day saves lives."},
{"key":"PST_CHK_BaldiSays1","value":"Baldi says:"},
{"key":"PST_CHK_BaldiSays2","value":"You can't hide from me! Haha!"},
{"key":"PST_CHK_Chalk","value":"Chalk\n   Board!"},
{"key":"PST_CHK_Cheese","value":"Today's lesson:\nHow to eat Cheese"},
{"key":"PST_CHK_G","value":"Healthy"},
{"key":"PST_CHK_Math1","value":"Math = More Math ="},
{"key":"PST_CHK_Math2","value":"Math"},
{"key":"PST_CHK_Math3","value":"Math<sup>Math<sup>Math<sup>Math<sup>Math<sup>Math</sup></sup></sup></sup></sup>"},
{"key":"PST_CHK_Possible1","value":"Do it! You are"},
{"key":"PST_CHK_Possible2","value":"POSSIBLE!"},
{"key":"PST_CHK_TreeHint","value":"C\n O\n  O\n    L"},
{"key":"PST_CHK_World","value":"The world is big. Class dismissed."},

{"key":"PST_BLT_Meeting","value":"The\nmeeting is\nIMMINENT."},
{"key":"PST_BLT_Blah","value":"blahblahblahblahblahblahblahblahblahblahblahblahblahblahblahblahblahblahblahblahblah"},
{"key":"PST_BLT_Review","value":"<color=red>Do not review the updated contracts!</color> They are fine."},
{"key":"PST_BLT_Computer","value":"If the computer doesn't turn on, try jiggling the switch."},
{"key":"PST_BLT_HeyKid","value":"Hey kid, you aren't supposed to be in here!!!"},
{"key":"PST_BLT_All","value":"All employees must"},
{"key":"PST_BLT_Fired","value":"How to get fired:\nFAIL\nFAIL\nFAIL\nFAIL"},
{"key":"PST_BLT_Budget","value":"Budget overview:\n$1,000 - Textbooks\n$18.99 - Computers\n$500 - Salaries\n$10,000 - Repairs\n$3,497 - Push pins\n$1,000,000 - Air\n$0.04 - Staff Training\n$123 - More push pins"},
{"key":"PST_BLT_Hawaii","value":"Surprise! Everyone gets to wear a Hawaiian shirt to work next week while I'm on a vacation in Hawaii! This is my way of thanking all my employees for their hard work!"},

{"key":"PST_PHT_BeAKid_1","value":"Be\na kid."},
{"key":"PST_PHT_BeAKid_2","value":"Be\nannoying!"},
{"key":"PST_PHT_Candy","value":"candy"},

{"key":"PST_CMC_Mail1","value":"Ladies and gentlemen."},
{"key":"PST_CMC_Mail2","value":"As you can see..."},
{"key":"PST_CMC_Mail3","value":"This is a mailbox."},
{"key":"PST_CMC_Mail4","value":"I shall open it!"},
{"key":"PST_CMC_Mail5","value":"Wif my teeth!!"},
{"key":"PST_CMC_Baldiman1","value":"Howdy li'l boy! I'm Baldiman, and I can invent"},
{"key":"PST_CMC_Baldiman2","value":"anything!"},
{"key":"PST_CMC_Baldiman3","value":"Can you invent toe nail clippers?"},
{"key":"PST_CMC_Baldiman4","value":"Surely!"},
{"key":"PST_CMC_Baldiman5","value":"Later..."},
{"key":"PST_CMC_Baldiman6","value":"Behold!"},
{"key":"PST_CMC_Baldiman7","value":"That looks like a jackhammer with a rusty knife glued on..."},
{"key":"PST_CMC_Baldiman8","value":"<b>Oh yes!</b> It will surely cut off your toes!"},
{"key":"PST_CMC_Baldiman9","value":"Okay cool thanks bye mister I'm leaving."},
{"key":"PST_CMC_Hair1","value":"Who needs hair anyways?\n\nI don't."},
{"key":"PST_CMC_Hair2","value":"Hair is un-natural!"},
{"key":"PST_CMC_Hair3","value":"In fact, all hair should be"},
{"key":"PST_CMC_Hair4","value":"burned!"},
{"key":"PST_CMC_Hair5","value":"Burn the hair!"},
{"key":"PST_CMC_Hair6","value":"Help!"},
{"key":"PST_CMC_Hair7","value":"GAAH!"},

{"key":"TAG_Sold","value":"SOLD"},
{"key":"TAG_Out","value":"OUT"},
{"key":"TAG_Sale","value":"SALE!"},

	{"key":"Comment_Minigame messages start here!","value":"COMMENT"},
{"key":"Mgm_Results","value":"Results"},
{"key":"Mgm_Leaderboard","value":"Leaderboard"},
{"key":"Mgm_FinalScore","value":"Final score: {0} points\n\n"},
{"key":"Mgm_HighScore","value":"Congratulations!\nYou got high score #{0}!"},
{"key":"Mgm_LoseEndless","value":"You didn't get a high score this time. Try again!"},
{"key":"Mgm_GoodIndicator","value":"Good!"},
{"key":"Mgm_BadIndicator","value":"Bad!"},
{"key":"Mgm_Base_Win","value":"You won! Go pick 3 items!"},
{"key":"Mgm_Base_Lose","value":"You lost... No items for you!"},
{"key":"Mgm_Base_Perfect","value":"PERFECT BONUS! +{0} YTPs"},
{"key":"Mgm_Score","value":"Score: {0}"},
{"key":"Mgm_Remaining","value":"Remaining: {0}"},
{"key":"Mgm_Round","value":"Round {0}"},
{"key":"Mgm_FinalRound","value":"Final Round"},
{"key":"Mgm_BonusRound","value":"Bonus Round {0}"},

{"key":"Mgm_Picnic_Title","value":"Pick-Quick-Nic"},
{"key":"Mgm_Picnic_Desc","value":"Be quick to pick a bite to eat before Baldi's appetite gets the better of him! Don't take his favorite food though!"},
{"key":"Mgm_Picnic_Win","value":"I'm stuffed! You are too? Great, now we're ready for a hike!"},
{"key":"Mgm_Picnic_Lose","value":"I'm stuffed! You're still hungry? But we just ate a big lunch!"},
{"key":"Mgm_Picnic_Tut1","value":"Are you hungry? Because I am! Let's play Pick-Quick-Nic!"},
{"key":"Mgm_Picnic_Tut2","value":"Covered plates will be placed onto the picnic table.\nBe patient and wait for them to be opened!\nYou'll get a strike if you click on a covered plate."},
{"key":"Mgm_Picnic_Tut3","value":"While you're waiting, take a look at the foods I'm thinking of.\nI'm really looking forward to eating these foods, so pay attention to them!"},
{"key":"Mgm_Picnic_Tut4","value":"The covers have lifted! Dinner is served!"},
{"key":"Mgm_Picnic_Tut5","value":"When the covers are lifted, quickly grab a food that I am NOT thinking of!\nWhatever you click on is the food YOU'RE eating, NOT ME!"},
{"key":"Mgm_Picnic_Tut6","value":"For example, to win this round, you could click on\nthe apple, the chicken leg, or the hot dog."},
{"key":"Mgm_Picnic_Tut7","value":"Be quick though! If you take too long, I might just\ngrab everything on the table without thinking and you'll miss out\nand get a strike. Sorry about that!"},
{"key":"Mgm_Picnic_Tut8","value":"If you click on one of the foods I AM thinking of,\nthat will make me sad, and you'll get a strike!"},
{"key":"Mgm_Picnic_Tut9","value":"Oh no, I wanted the hamburger!"},
{"key":"Mgm_Picnic_Tut10","value":"That no-good bully likes to pull pranks,\nso sometimes he'll sneak a few bombs into our meal!"},
{"key":"Mgm_Picnic_Tut11","value":"When this happens, click the bombs to knock them away,\nand be sure to do it before grabbing some food!"},
{"key":"Mgm_Picnic_Tut12","value":"If I see you've already eaten, I'll just grab everything on the table and...\nWhoops! That's another strike! Get three and that's game over!"},
{"key":"Mgm_Picnic_Tut13","value":"Watch out! Some rounds are very tricky!"},

{"key":"Mgm_Campfire_Title","value":"Campfire Frenzy"},
{"key":"Mgm_Campfire_Desc","value":"Keep the fire roaring by launching fuel into it. Watch out though, not all fuel is good for the fire!"},
{"key":"Mgm_Campfire_Win","value":"Wow, this fire will keep us warm all night! Way to go!"},
{"key":"Mgm_Campfire_Lose","value":"Oh no! No fire means no s'mores! Better luck next time."},
{"key":"Mgm_Campfire_Tut1","value":"What a beautiful fire! Let's make sure it doesn't go out by playing Campfire Frenzy!"},
{"key":"Mgm_Campfire_Tut2","value":"Some fuel will be tossed into First Prize's hands.\nThat log will be great for the fire!"},
{"key":"Mgm_Campfire_Tut3","value":"Once First Prize has some fuel in hand,\nuse the action button to launch it towards the fire."},
{"key":"Mgm_Campfire_Tut3_5","value":"Look at it go!"},
{"key":"Mgm_Campfire_Tut4","value":"Not everything First Prize catches is good for the fire!\nIf First Prize catches bad fuel, wait until something good replaces it."},
{"key":"Mgm_Campfire_Tut5","value":"If you make a mistake, the fire will weaken a little bit...\nBrr, it's getting cold!"},
{"key":"Mgm_Campfire_Tut6","value":"If you add enough fuel without making any mistakes though,\nthat fire will brighten up again!"},
{"key":"Mgm_Campfire_Tut7","value":"If the fire goes out, that's game over!"},
{"key":"Mgm_Campfire_Tut8","value":"Pay attention! Things can get pretty crazy!"},
{"key":"Mgm_Campfire_Tut_Good","value":"Good fuel:"},
{"key":"Mgm_Campfire_Tut_Bad","value":"Bad fuel:"},

	{"key":"Comment_Sfx starts here","value":"COMMENT"},
{"key":"Sfx_Doors_StandardOpen","value":"*Door opens*"},
{"key":"Sfx_Doors_StandardShut","value":"*SLAM!*"},
{"key":"Sfx_Doors_Locker","value":"*SLAM!*"},
{"key":"Sfx_Doors_StandardLocked","value":"*Rattling*"},
{"key":"Sfx_Doors_StandardLock","value":"*Click!*"},
{"key":"Sfx_Doors_StandardUnlock","value":"*Unclick!*"},
{"key":"Sfx_Doors_Swinging","value":"*Swinging door opens*"},
{"key":"Sfx_Elv_Buzz","value":"*BUZZ*"},
{"key":"Sfx_Elv_Close","value":"*Elevator closes*"},
{"key":"Sfx_Elv_Gate","value":"*SLAM!*"},
{"key":"Sfx_Elv_Open","value":"*Elevator opens"},
{"key":"Sfx_Elv_Running","value":"*Elevator noises*"},
{"key":"Sfx_Elv_Stopped","value":"*Elevator stops*"},
{"key":"Sfx_AutoDoor_Open","value":"*Auto door opens*"},
{"key":"Sfx_AutoDoor_Close","value":"*Auto door closes*"},
{"key":"Sfx_Sfx_EventStartBell","value":"*RIIIING*"},
{"key":"Sfx_Effects_Pop","value":"*POP!*"},
{"key":"Sfx_Doors_LockStop","value":"*THUD*"},
{"key":"Sfx_LockdownDoor","value":"*Door motor running*"},
{"key":"Sfx_LOL","value":"LOL"},
{"key":"Sfx_RotoHallLoop","value":"*Roto hall turning*"},
{"key":"SFX_RotoStart","value":"*Roto hall turning*"},
{"key":"SFX_RotoStop","value":"*Roto hall stops turning*"},
{"key":"Sfx_CartoonKnock_Trimmed","value":"*STOMP*"},
{"key":"Sfx_Crafters_Loop","value":"*STATIC*"},
{"key":"Sfx_Crafters_Intro","value":"*STATIC*"},
{"key":"Sfx_EventStartBell","value":"*RIIIING!*"},
{"key":"Sfx_LAt_Loop","value":"*Humming noise*"},
{"key":"Sfx_LAt_BlindStart","value":"*Humming noise*"},
{"key":"Sfx_ErrorMaybe","value":"Not here."},
{"key":"Sfx_AppleCrunch","value":"*CRONCH*"},
{"key":"Sfx_Misc_ChipCrunch","value":"*CRUNCH*"},
{"key":"Sfx_BearTrap","value":"*CLANG*"},
{"key":"Sfx_1PR_Motor","value":"*Motor running*"},
{"key":"Sfx_NoteRespawn","value":"A notebook respawned!"},
{"key":"Sfx_BellGeneric","value":"*Ding!*"},
{"key":"Sfx_Bang","value":"*Bang!*"},
{"key":"Sfx_Woosh","value":"*Woosh!*"},
{"key":"Sfx_GlassBreak","value":"*Crash!*"},
{"key":"Sfx_Slurp","value":"*Slurp*"},
{"key":"Sfx_ClockWind","value":"*Winding*"},
{"key":"Sfx_Doors_Knock","value":"*Knock Knock Knock*"},
	{"key":"Comment Environment sound starts here","value":"COMMENT"},
{"key":"Sfx_ConveyorBeltLoop","value":"*Conveyor belt running*"},
{"key":"Sfx_Crickets","value":"*Crickest chirping*"},
{"key":"Sfx_Dryer","value":"*Dryer running?*"},
{"key":"Sfx_Fire","value":"*Fire crackling*"},
{"key":"Sfx_ShrinkMachine_Door","value":"*WHIRR*"},
{"key":"Sfx_Activity_Correct","value":"*Correct chime*"},
{"key":"Sfx_Activity_Incorrect","value":"*Incorrect buzz*"},
{"key":"Sfx_TimeLimitBell","value":"*RIIIING!*"},
{"key":"Sfx_TimeLimitTicking","value":"*tick* *tock* *tick* *tock* *tick* *tock*"},

	{"key":"Comment Sfx_Items starts here","value":"COMMENT"},
{"key":"SFX_Items_ClockBell","value":"*Alarm clock RIIIING!*"},
{"key":"SFX_Items_ClockTick","value":"*Ticking*"},
{"key":"SFX_Items_AntiHearing","value":"*Annoying noise*"},
{"key":"Sfx_Items_NoSquee","value":"*WHOOSH*"},
{"key":"Sfx_Items_PriWhistle","value":"*Whistling*"},
{"key":"Sfx_Item_Teleport","value":"*BREOW!*"},
{"key":"Sfx_Slap","value":"*CLICK!*"},
{"key":"Sfx_Nana_Loop","value":"*SLIPPING SOUNDS*"},
{"key":"Sfx_Nana_Slip","value":"*WOOOO*"},
{"key":"Sfx_Nana_Sput","value":"*splat*"},

	{"key":"Comment Sfx_Water starts here","value":"COMMENT"},
{"key":"Sfx_Whirlpool","value":"*W sucking up stuff*"},

	{"key":"Comment_Sfx_Baldi starts here","value":"COMMENT"},
{"key":"Sfx_Baldi_Slap","value":"*CLICK!*"},
{"key":"Sfx_Baldi_Break","value":"shater"},
{"key":"Sfx_Lose_Buzz","value":"BUZZ"},

		{"key":"Comment Vfx Start Here","value":"COMMENT"},

	{"key":"Comment Generic VFX start here","value":"COMMENT"},
{"key":"Vfx_0","value":"0"},
{"key":"Vfx_1","value":"1"},
{"key":"Vfx_2","value":"2"},
{"key":"Vfx_3","value":"3"},
{"key":"Vfx_4","value":"4"},
{"key":"Vfx_5","value":"5"},
{"key":"Vfx_6","value":"6"},
{"key":"Vfx_7","value":"7"},
{"key":"Vfx_8","value":"8"},
{"key":"Vfx_9","value":"9"},
{"key":"Vfx_10","value":"10"},
{"key":"Vfx_0!","value":"0!"},
{"key":"Vfx_1!","value":"1!"},
{"key":"Vfx_2!","value":"2!"},
{"key":"Vfx_3!","value":"3!"},
{"key":"Vfx_4!","value":"4!"},
{"key":"Vfx_5!","value":"5!"},
{"key":"Vfx_6!","value":"6!"},
{"key":"Vfx_7!","value":"7!"},
{"key":"Vfx_8!","value":"8!"},
{"key":"Vfx_9!","value":"9!"},
{"key":"Vfx_10!","value":"10!"},

	{"key":"Comment Baldi VFX start here","value":"COMMENT"},
{"key":"Vfx_BAL_Apple","value":"WAIT- BUT I- *stuttering* *squeal*"},
{"key":"Vfx_BAL_Countdown","value":"987654321!"},
{"key":"Vfx_BAL_HideSeek","value":"Oh, hi! Let's play hide and seek!"},
{"key":"Vfx_BAL_NoPass_0","value":"Wait! You don't have a bus pass."},
{"key":"Vfx_BAL_NoPass_1","value":"You'll need one if you want to go on a field trip."},
{"key":"Vfx_BAL_Intro_Camping","value":"Let's go camping!"},
{"key":"Vfx_BAL_Intro_Farm","value":"Let's go to the farm!"},
{"key":"Vfx_Baldi_KSL2","value":"You're good! Let's keep playing!"},
{"key":"Vfx_Baldi_KSL3","value":"What fun! Goo-"},
{"key":"Vfx_BAL_ReadyOrNot","value":"Ready or not, here I come!"},
{"key":"Vfx_BAL_ThanksForPlaying","value":"Thanks for playing, come back soon!"},
{"key":"Vfx_BAL_Wow","value":"WOW!"},
{"key":"Vfx_BAL_Yum","value":"Yum!"},
{"key":"Vfx_BAL_Ohh","value":"Ohhhh..."},
{"key":"Vfx_BAL_TryAgain","value":"Try again!"},

{"key":"Vfx_BAL_Praise1","value":"Aha! You got it!"},
{"key":"Vfx_BAL_Praise2","value":"Great job! That's right!"},
{"key":"Vfx_BAL_Praise3","value":"Good one!"},
{"key":"Vfx_BAL_Praise4","value":"You're doing fantastic!"},
{"key":"Vfx_BAL_Praise5","value":"I can't believe it! You're incredible!"},
{"key":"Vfx_BAL_Praise6","value":"Woah, I think you might be smarter than me!"},
{"key":"Vfx_BaldiSings1","value":"You beat my game!"},
{"key":"Vfx_BaldiSings2","value":"You learned a lot!"},
{"key":"Vfx_BaldiSings3","value":"It's good you came,"},
{"key":"Vfx_BaldiSings4","value":"'cuz you were taught!"},
{"key":"Vfx_BaldiSings5","value":"Now that you know"},
{"key":"Vfx_BaldiSings6","value":"to use your brain!"},
{"key":"Vfx_BaldiSings7","value":"I'll let you go"},
{"key":"Vfx_BaldiSings8","value":"'til you come again!"},
{"key":"Vfx_BAL_Welcome","value":"Oh, hi! Welcome to my schoolhouse!"},
{"key":"Vfx_BAL_AllNotebooks_1","value":"Congratulations! You found all"},
{"key":"Vfx_BAL_AllNotebooks_2","value":"CD cases!"},
{"key":"Vfx_BAL_AllNotebooks_3","value":"Now all you need to do is..."},
{"key":"Vfx_BAL_AllNotebooks_4","value":"Find a way out before I catch you!"},
{"key":"Vfx_BAL_AllNotebooks_5","value":"Hahahaaaaaa!"},
{"key":"Vfx_BAL_Event_Flood_1","value":"Looks like the leak is leaking again."},
{"key":"Vfx_BAL_Event_Flood_2","value":"Watch out for the whirlpools!"},
{"key":"Vfx_BAL_Event_Fog_1","value":"Uh oh. Looks like my fog machine is malfunctioning again."},
{"key":"Vfx_BAL_Event_Fog_2","value":"I- I can barely see anything!"},
{"key":"Vfx_BAL_Event_Gravity_1","value":"Woah! Gravity is going crazy!"},
{"key":"Vfx_BAL_Event_Gravity_2","value":"Surely my newest invention must have been a grand success!"},
{"key":"Vfx_BAL_Event_MysteryRoom_1","value":"Hey! A mystery room has appeared."},
{"key":"Vfx_BAL_Event_MysteryRoom_2","value":"Find it before it DISappears."},
{"key":"Vfx_BAL_Event_Party_1","value":"Party at the Principal's office! Everyone's invited!"},
{"key":"Vfx_BAL_Event_Party_2","value":"Come on in and get a special prize!"},
{"key":"Vfx_BAL_Event_Ruler","value":"AAAAAAAAAAAAAAAAAAAAAAAAA"},
{"key":"Vfx_BAL_Event_TestProcedure_1","value":"Attention! Attention everyone! Test procedure is imminent!"},
{"key":"Vfx_BAL_Event_TestProcedure_2","value":"We run regular tests on our super doors to make sure students can't leave before their class is over."},
{"key":"Vfx_BAL_TimeOut_1","value":"Class dismissed! School is no longer in session!"},
{"key":"Vfx_BAL_TimeOut_2","value":"Better wrap things up soon, or else I'm gonna fiiiiind yoooooou!"},

	{"key":"Comment Farm VFX and SFX start here","value":"COMMENT"},
{"key":"Vfx_Farm_FarmBring","value":"Bring the animal that makes this sound to the barn!"},
{"key":"Vfx_Farm_FarmIntro1","value":"Welcome to the farm!"},
{"key":"Vfx_Farm_FarmIntro2","value":"Farmer needs our help to get the animals in the barn!"},
{"key":"Vfx_Farm_FarmIntro3","value":"I'll tell you what animal we need."},
{"key":"Vfx_Farm_FarmIntro4","value":"Then you'll need to find all the matching animals and bring them to the barn."},
{"key":"Vfx_Farm_FarmIntro5","value":"Just click on an animal to pick it up. Then move it through the maze and into the barn!"},
{"key":"Vfx_Farm_FarmIntro6","value":"Alright! Let's get started!"},
{"key":"Vfx_Farm_FarmWin","value":"Wow! Fantastic! The farmer gave you these items as thanks!"},
{"key":"Sfx_Chicken","value":"BUH-GAWK!"},
{"key":"Sfx_Cow","value":"MOOO!"},
{"key":"Sfx_Pig","value":"OOINK!"},
{"key":"Sfx_Sheep","value":"BAAH!"},

	{"key":"Comment Camping VFX and SFX start here","value":"COMMENT"},
{"key":"Vfx_Camp_CampingIntro_1","value":"Welcome to the campsite!"},
{"key":"Vfx_Camp_CampingIntro_2","value":"Take a look around, and enjoy the fresh air."},
{"key":"Vfx_Camp_CampingIntro_3","value":"I've already started the fire, but if you want, you can help me keep it going"},
{"key":"Vfx_Camp_CampingIntro_4","value":"or"},
{"key":"Vfx_Camp_CampingIntro_5","value":"you can head over to the picnic tables, and we can get a bite to eat!"},
{"key":"Vfx_Camp_CampingIntro_6","value":"If you need to learn how to play a minigame, just click on meee!"},
{"key":"Vfx_Camp_CampingIntro_7","value":"Once you're ready to start a minigame, find the nearby clickable object."},
{"key":"Vfx_Camp_CampingIntro_8","value":"It's that easy!"},
{"key":"Vfx_Camp_CampingIntro_9","value":"If you win a minigame, you can pick three items to bring back."},
{"key":"Vfx_Camp_CampingIntro_10","value":"Wow!"},
{"key":"Vfx_Camp_CampingIntro_11","value":"Have fun!"},

	{"key":"Comment Cloudy Copter VFX start here","value":"COMMENT"},
{"key":"Vfx_Cmlo_Blowing","value":"*WIND BLOWING*"},
{"key":"Vfx_Cmlo_Poof","value":"*POOF*"},

	{"key":"Comment Principal VFX start here","value":"COMMENT"},
{"key":"Vfx_PRI_Detention","value":"detention for you!"},
{"key":"Vfx_PRI_Scold1","value":"You should know better."},
{"key":"Vfx_PRI_15","value":"15 seconds"},
{"key":"Vfx_PRI_20","value":"20 seconds"},
{"key":"Vfx_PRI_25","value":"25 seconds"},
{"key":"Vfx_PRI_30","value":"30 seconds"},
{"key":"Vfx_PRI_35","value":"35 seconds"},
{"key":"Vfx_PRI_40","value":"40 seconds"},
{"key":"Vfx_PRI_45","value":"45 seconds"},
{"key":"Vfx_PRI_50","value":"50 seconds"},
{"key":"Vfx_PRI_55","value":"55 seconds"},
{"key":"Vfx_PRI_60","value":"60 seconds"},
{"key":"Vfx_PRI_99","value":"99 seconds"},
{"key":"Vfx_PRI_Coming","value":"Don't worry, I'm coming!"},
{"key":"Vfx_PRI_NoAfterHours","value":"No being in school after-hours in the halls!"},
{"key":"Vfx_PRI_NoBullying","value":"No bullying in the halls!"},
{"key":"Vfx_PRI_NoDrinking","value":"No drinking drinks in the halls!"},
{"key":"Vfx_PRI_NoEating","value":"No eating food in the halls!"},
{"key":"Vfx_PRI_NoEscaping","value":"No escaping detention in the halls!"},
{"key":"Vfx_PRI_NoFaculty","value":"No entering faculty only rooms in the halls!"},
{"key":"Vfx_PRI_NoLockers","value":"No looking in other people's lockers in the halls!"},
{"key":"Vfx_PRI_NoRunning","value":"No running in the halls!"},
{"key":"Vfx_PRI_NoStabbing","value":"No stabbing people with unused dialogue in the halls!"},
{"key":"Vfx_PRI_Scold2","value":"When will you learn?"},
{"key":"Vfx_PRI_Whistle","value":"*Whistling*"},
{"key":"Vfx_PRI_Scold3","value":"Your parents will hear about this one!"},
{"key":"Vfx_PRI_Scold4","value":"Don't make me do this again!"},

	{"key":"Comment Beans VFX start here","value":"COMMENT"},
{"key":"Vfx_Ben_NeatTrick","value":"Say, who's lookin' to see a neat trick?"},
{"key":"Vfx_Beans_Skip_Buckle","value":"One, two, buckle my shoe. Three, four, I've got gum for you!"},
{"key":"Vfx_Ben_Anyone","value":"Does anyone wanna see somethin' cool?"},
{"key":"Vfx_Beans_Skip_Pain","value":"I skip all day, I say-I say, I skip to push the pain away!"},
{"key":"Vfx_Ben_Skip_Chant1","value":"Hooka, a-chew, I'mma chewin' mah gum."},
{"key":"Vfx_Ben_Skip_Chant2","value":"Booka, a-too, it's tons o' fum... Er, fun!"},
{"key":"Vfx_Ben_HeyYou","value":"Hey you, watch this!"},
{"key":"Vfx_Ben_Prepare","value":"Prepare yourself for something awesome!"},
{"key":"Vfx_Ben_Grownups","value":"Psst! Don't let the grownups spot this."},
{"key":"Vfx_Ben_WatchPro","value":"Watch the pro go to work!"},
{"key":"Vfx_Ben_FeastEyes","value":"Feast your eyes while I feast on mah gum!"},
{"key":"Vfx_Ben_Spit_OhNo","value":"Oh no!"},
{"key":"Vfx_Ben_GumLoose","value":"Gum on the loose!"},
{"key":"Vfx_Ben_Spit_HeadsUp","value":"Heads up!"},
{"key":"Vfx_Ben_Spit_WatchOut","value":"Watch out!"},
{"key":"Vfx_Ben_Spit_CantLook","value":"I can't look!"},
{"key":"Vfx_Ben_Spit_HeldBack","value":"Huh, so maybe that's why they held me back."},
{"key":"Vfx_Ben_NeverHere","value":"Welp, I was never here!"},
{"key":"Vfx_Ben_HippityHey","value":"Hippity hey, look at the time; I need to fetch some more rhyme."},
{"key":"Vfx_Beans_Skip_Away","value":"Skip away, skip away, it'll go away."},
{"key":"Vfx_Ben_Spit_SorryAdvance","value":"Sorry in advance!"},
{"key":"Vfx_Ben_BeSent","value":"I'll be sent to the guy of the Thing, smacking my head 'n' causing a ring!"},
{"key":"Vfx_Ben_Spit_Casserole","value":"Aw, casserole."},
{"key":"Vfx_Ben_TimeBounce","value":"Time to bounce, time to flee, before they throw the book at me!"},
{"key":"Vfx_Ben_Nope","value":"Uh... nope."},
{"key":"Vfx_Ben_Sorry","value":"They're gonna be so mad at me, I'm so sorry!"},
{"key":"Vfx_Ben_Blowing","value":"*BUBBLE BLOWING*"},
{"key":"Vfx_Ben_Spit","value":"*SPITS GUM*"},
{"key":"Sfx_Ben_Splat","value":"*SPLAT!*"},
{"key":"Vfx_Ben_Splat","value":"*SPLAT!*"},
{"key":"Sfx_Ben_Gum_Whoosh","value":"*WHOOSH*"},

	{"key":"Comment Playtime VFX start here","value":"COMMENT"},
{"key":"Vfx_Playtime_1","value":"1!"},
{"key":"Vfx_Playtime_2","value":"2!"},
{"key":"Vfx_Playtime_3","value":"3!"},
{"key":"Vfx_Playtime_4","value":"4!"},
{"key":"Vfx_Playtime_5","value":"5!"},
{"key":"Vfx_Playtime_6","value":"6!"},
{"key":"Vfx_Playtime_7","value":"7!"},
{"key":"Vfx_Playtime_8","value":"8!"},
{"key":"Vfx_Playtime_9","value":"9!"},
{"key":"Vfx_Playtime_10","value":"10!"},
{"key":"Vfx_Playtime_Congrats","value":"Wow! That's great! Let's play again... Sometime soon!"},
{"key":"Vfx_Playtime_Instructions","value":""},
{"key":"Vfx_Playtime_Laugh","value":"Hehehehehee!"},
{"key":"Vfx_Playtime_LetsPlay","value":"Let's play!"},
{"key":"Vfx_Playtime_Oops","value":"Oops! You messed up!"},
{"key":"Vfx_Playtime_ReadyGo","value":"Ready? Go!"},
{"key":"Vfx_Playtime_Sad","value":"Oh! That makes me sad!"},
{"key":"Vfx_Playtime_WannaPlay","value":"I wanna play with someone!"},
{"key":"Hud_Playtime_Instructions","value":"Time to jump rope!\nPress {0} to jump!"},

	{"key":"Comment Bully VFX start here","value":"COMMENT"},
{"key":"Vfx_Bully_Bored","value":"I'm bored..."},
{"key":"Vfx_Bully_Donation","value":"Thanks for the generous donation!.."},
{"key":"Vfx_Bully_GiveGreat","value":"Give me something great..."},
{"key":"Vfx_Bully_NoItems","value":"What?! No Items? No items, no pass..."},
{"key":"Vfx_BUL_Sticks","value":"Give me those sticks..."},
{"key":"Vfx_Bully_TakeCandy","value":"I'm gonna take your candy..."},
{"key":"Vfx_Bully_TakeThat","value":"I'll take that! It's mine now..."},
{"key":"Vfx_Bully_Sticks","value":"Give me those sticks..."},

	{"key":"Comment Chalkles VFX start here","value":"COMMENT"},
{"key":"Sfx_Chalk_Spawn","value":"*WARBLING*"},
{"key":"Sfx_Chalk_Laugh","value":"*ANNOYING LAUGHTER*"},

	{"key":"Comment First Prize VFX start here","value":"COMMENT"},
{"key":"Vfx_Prize_AmComing","value":"I AM COMING READY OR NOR HERE I COME"},
{"key":"Vfx_Prize_AmLooking","value":"I AM LOOKING FOR YOU"},
{"key":"Vfx_Prize_Bang","value":"*SLAM!"},
{"key":"Vfx_Prize_BeenProgrammed","value":"I HAVE BEEN PROGRAMMED TO DESIRE YOUR IMAGE"},
{"key":"Vfx_Prize_HaveLost","value":"I HAVE LOST YOU - I DON'T LIKE THAT"},
{"key":"Vfx_Prize_IHug","value":"I HUG PEOPLE FOR ALL ETERNITY"},
{"key":"Vfx_Prize_ISeeYou","value":"I SEE YOU - FRIEND"},
{"key":"Vfx_Prize_Marry","value":"WILL YOU MARRY ME"},
{"key":"Vfx_Prize_OhNo","value":"OH - no"},

	{"key":"Comment Gotta Sweep VFX start here","value":"COMMENT"},
{"key":"Vfx_Sweep_GottaSweep","value":"Gotta, sweep sweep sweep!"},
{"key":"Vfx_Sweep_Intro","value":"Looks like it's sweepin' time!"},
{"key":"Vfx_Sweep_GottaReap","value":"GOTTA REAP, REAP, REAP!!!"},

	{"key":"Comment Mrs. Pomp VFX start here","value":"COMMENT"},
{"key":"Vfx_NoL_CheckMap","value":"Check your map to see where my class is."},
{"key":"Vfx_NoL_ClassDismissed","value":"Class dismissed!"},
{"key":"Vfx_NoL_JustinTime","value":"Just in time!"},
{"key":"Vfx_NoL_Minutes","value":"minutes."},
{"key":"Vfx_NoL_MinutesLeft","value":"minutes left."},
{"key":"Vfx_NoL_Nums_0","value":"0"},
{"key":"Vfx_NoL_Nums_1","value":"1"},
{"key":"Vfx_NoL_Nums_2","value":"2"},
{"key":"Vfx_NoL_Nums_3","value":"3"},
{"key":"Vfx_NoL_Nums_4","value":"4"},
{"key":"Vfx_NoL_Nums_5","value":"5"},
{"key":"Vfx_NoL_Nums_6","value":"6"},
{"key":"Vfx_NoL_Nums_7","value":"7"},
{"key":"Vfx_NoL_Nums_8","value":"8"},
{"key":"Vfx_NoL_Nums_9","value":"9"},
{"key":"Vfx_NoL_RemindingYou","value":"Just reminding you to be at my class in"},
{"key":"Vfx_NoL_Scream","value":"WHYYYYYYY WEREN'T YOU AT MY CLAAAAAAASSS?!?!?!"},
{"key":"Vfx_NoL_TimesUp","value":"Time's up..."},
{"key":"Vfx_NoL_YouThere","value":"You there!"},

	{"key":"Comment Johnny VFX start here","value":"COMMENT"},
{"key":"Vfx_Jon_Buy1","value":"I love those!"},
{"key":"Vfx_Jon_Buy2","value":"That could come in handy!!"},
{"key":"Vfx_Jon_Buy3","value":"Totally worth the price!"},
{"key":"Vfx_Jon_Buy4","value":"Thank you! Now I might not starve!"},
{"key":"Vfx_Jon_Buy5","value":"Thank you! My parents would have been so proud that I made a sale."},
{"key":"Vfx_Jon_Buy6","value":"Thanks, I hated that item anyways!"},
{"key":"Vfx_Jon_DidntWant","value":"I didn't really want food today anyways..."},
{"key":"Vfx_Jon_Expel1","value":"Alright, I'll take care of it."},
{"key":"Vfx_Jon_Expel2","value":"Okay, I'll let them know."},
{"key":"Vfx_Jon_Expel3","value":"You are a JERK!"},
{"key":"Vfx_Jon_ExpelWho","value":"Who do you wanna expel?"},
{"key":"Vfx_Jon_FaveCustomer","value":"You're my favorite customer. See ya!"},
{"key":"Vfx_Jon_Hi","value":"Hi, I'm Johnny!"},
{"key":"Vfx_Jon_InfoExpel","value":"You can expel someone for the rest of your game!"},
{"key":"Vfx_Jon_InfoMap","value":"This will fill out your map for the next level."},
{"key":"Vfx_Jon_InfoMapShort","value":"This will fill out your map."},
{"key":"Vfx_Jon_MapFilled","value":"Consider your map filled!"},
{"key":"Vfx_Jon_MapFilled2","value":"No way you'll get lost now!"},
{"key":"Vfx_Jon_SayHi","value":"Say hi to Baldi for me!"},
{"key":"Vfx_Jon_SeeLater","value":"See ya later. I'll still be here!"},
{"key":"Vfx_Jon_ThanksNot","value":"Thanks for nothing!"},
{"key":"Vfx_Jon_ThankYou","value":"Thank you for shopping!"},
{"key":"Vfx_Jon_TooMuch1","value":"Lookin' like you ain't learnin'!"},
{"key":"Vfx_Jon_TooMuch2","value":"Try again when you have more You Thought Points."},
{"key":"Vfx_Jon_TooMuch3","value":"You can't afford that!"},
{"key":"Vfx_Jon_TooMuch4","value":"Come back when you're a little... MMM- Richer!"},
{"key":"Vfx_Jon_Welcome","value":"Welcome to my store!"},
{"key":"Vfx_Jon_YouBreak","value":"You break it, you buy it! ...I'm usually the one who breaks it though."},
{"key":"Vfx_Jon_Help","value":"I'll take care of it."},
{"key":"Vfx_Jon_ThatWasFun","value":"Wow, that was so much fun! I brought some items back for ya."},
{"key":"Vfx_Jon_BusPass","value":"Wow, thanks! I love field trips!"},

{"key":"Comment Dr. Reflex VFX start here","value":"COMMENT"},
{"key":"Vfx_DrR_AllDone","value":"All done!"},
{"key":"Vfx_DrR_Angry_Random_0","value":"I just need to finish your test!"},
{"key":"Vfx_DrR_Angry_Random_1","value":"Get back here!"},
{"key":"Vfx_DrR_Angry_Random_2","value":"This won't hurt a bit!"},
{"key":"Vfx_DrR_Angry_Random_3","value":"Don't be afraid of my hammer!"},
{"key":"Vfx_DrR_Angry_Random_4","value":"Where'd you goOOo?"},
{"key":"Vfx_DrR_Angry_Random_5","value":"HMMmmm..."},
{"key":"Vfx_DrR_Angry_Random_6","value":"This will look bad on my résumé!"},
{"key":"Vfx_DrR_Angry_Random_7","value":"You're gonna make me CRY!"},
{"key":"Vfx_DrR_EverythingGood","value":"Everything looks good!"},
{"key":"Vfx_DrR_Fast","value":"...FAST!"},
{"key":"Vfx_DrR_Faster","value":"Do it FASTER next time!"},
{"key":"Vfx_DrR_FirstTry","value":"Woah! First try!"},
{"key":"Vfx_DrR_GoodJob","value":"Good job! That was fast!"},
{"key":"Vfx_DrR_Happy_Random_0","value":"Does anyone need a checkup?"},
{"key":"Vfx_DrR_Happy_Random_1","value":"I'll test your reflexes!"},
{"key":"Vfx_DrR_Happy_Random_2","value":"Who wants their reflexes checked?"},
{"key":"Vfx_DrR_Happy_Random_3","value":"Anyone feeling down? Come and see me!"},
{"key":"Vfx_DrR_Happy_Random_4","value":"My test will heals what ails ya!"},
{"key":"Vfx_DrR_HitCircle","value":"Hit the circle!"},
{"key":"Vfx_DrR_Indisputable","value":"The test results are indisputable!"},
{"key":"Vfx_DrR_NotSoBad","value":"See? That wasn't so bad!"},
{"key":"Vfx_DrR_SessionNotOver","value":"What?! Your session's not over yet!"},
{"key":"Vfx_DrR_Think_End","value":"...iiink"},
{"key":"Vfx_DrR_Think_Intro","value":"Thiii..."},
{"key":"Vfx_DrR_Think_Loop","value":"...iiiiiiiiiii..."},
{"key":"Vfx_DrR_TooSlow","value":"Toooo slow!"},
{"key":"Vfx_DrR_TryAgain","value":"Try again!"},
{"key":"Vfx_DrR_UhOh","value":"Uh oh!"},
{"key":"Vfx_DrR_Whoops","value":"Whoops!"},
{"key":"Vfx_DrR_Wrong","value":"That's the wrong one!"},
{"key":"Vfx_DrR_YouHealthy","value":"The test results conclude that you are healthy!"},

{"key":"Vfx_ThanksForPlaying","value":"Thanks for playing my game."},

{"key":"Vfx_run","value":"run"},

{"key":"Mfx_mus_Playtime","value":"*Music*"},
{"key":"Mfx_Party","value":"*Wholesome party music*"},

	{"key":"Comment Encrypted subtitles start here","value":"COMMENT"},
{"key":"Tfx_Enc_Test","value":"C6SbFlVfe/Dt6ThYSjEZZTb3WNWa4IcRtVBzjAocTVx4yguecqKjYb9ulq+YsRHHduoCzNJBC5WEi7xvUl7DOjijxgi5U8xD5F1EfmEQBUENwIccB4uRRKhxpr4xq/TVBne14nNlkKU3Lg87ms12bPvNf8g1TSMAZDOx9TWIHDM="},

{"key":"End", "value":"Woah, this is the end of the .json file!"}]}
